[
  {
    "key": "1",
    "userName": {
      "name": "Mary Stanform",
      "position": "Administrator"
    },
    "location": "New York",
    "value": "+3,125",
    "chart": {
      "series": [
        {
          "className": "ct-series-b",
          "data": [
            2,
            4,
            5,
            4,
            5,
            6,
            7,
            5
          ]
        }
      ]
    }
  },
  {
    "key": "2",
    "userName": {
      "name": "Garry Morge",
      "position": "Support"
    },
    "location": "Palo Alto",
    "value": "+643",
    "chart": {
      "series": [
        {
          "className": "ct-series-i",
          "data": [
            4,
            6,
            4,
            3,
            5,
            7,
            8,
            7
          ]
        }
      ]
    }
  },
  {
    "key": "3",
    "userName": {
      "name": "Silinda Veyron",
      "position": "Developer"
    },
    "location": "Las Vegas",
    "value": "+982",
    "chart": {
      "series": [
        {
          "className": "ct-series-d",
          "data": [
            1,
            5,
            2,
            5,
            4,
            7
          ]
        }
      ]
    }
  }
]
